/*
SQLyog Ultimate v9.30 
MySQL - 5.6.12-enterprise-commercial-advanced : Database - taobao
*********************************************************************
*/


/*!40101 SET NAMES utf8 */;

/*!40101 SET SQL_MODE=''*/;

/*!40014 SET @OLD_UNIQUE_CHECKS=@@UNIQUE_CHECKS, UNIQUE_CHECKS=0 */;
/*!40014 SET @OLD_FOREIGN_KEY_CHECKS=@@FOREIGN_KEY_CHECKS, FOREIGN_KEY_CHECKS=0 */;
/*!40101 SET @OLD_SQL_MODE=@@SQL_MODE, SQL_MODE='NO_AUTO_VALUE_ON_ZERO' */;
/*!40111 SET @OLD_SQL_NOTES=@@SQL_NOTES, SQL_NOTES=0 */;
CREATE DATABASE /*!32312 IF NOT EXISTS*/`imoocdb` /*!40100 DEFAULT CHARACTER SET utf8 */;

USE `imoocdb`;

/*Table structure for table `ec_article` */

DROP TABLE IF EXISTS `ec_article`;

CREATE TABLE `ec_article` (
  `ID` INT(11) NOT NULL AUTO_INCREMENT,
  `TITLE` VARCHAR(200) DEFAULT NULL,
  `SUPPLIER` VARCHAR(20) DEFAULT NULL,
  `PRICE` DOUBLE DEFAULT NULL,
  `DISCOUNT` DOUBLE DEFAULT NULL,
  `LOCALITY` VARCHAR(300) DEFAULT NULL,
  `PUTAWAY_DATE` DATETIME DEFAULT NULL,
  `STORAGE` INT(11) DEFAULT '100',
  `IMAGE` VARCHAR(200) DEFAULT NULL,
  `DESCRIPTION` VARCHAR(500) DEFAULT NULL,
  `TYPE_CODE` VARCHAR(100) DEFAULT NULL,
  `CREATE_DATE` DATETIME DEFAULT NULL,
  `DISABLED` TINYINT(1) DEFAULT '0',
  PRIMARY KEY (`ID`),
  KEY `FK_ARTICLE_TYPE` (`TYPE_CODE`),
  CONSTRAINT `FK_ARTICLE_TYPE` FOREIGN KEY (`TYPE_CODE`) REFERENCES `ec_article_type` (`CODE`)
) ENGINE=INNODB AUTO_INCREMENT=53 DEFAULT CHARSET=utf8;

/*Data for the table `ec_article` */

INSERT  INTO `ec_article`(`ID`,`TITLE`,`SUPPLIER`,`PRICE`,`DISCOUNT`,`LOCALITY`,`PUTAWAY_DATE`,`STORAGE`,`IMAGE`,`DESCRIPTION`,`TYPE_CODE`,`CREATE_DATE`,`DISABLED`) VALUES (1,' 苹果（APPLE）iPhone 5 16G版 3G手机（白色）WCDMA/GSM 全新设计，更薄、更轻、更快、更好的iPhone，以及卓越音效的EarPods耳机 ','iPhone 5 16G版',4899,8.8,'苹果（APPLE）iPhone 5 16G版 3G手机（白色）','2013-04-01 00:00:00',100,'20130401_1_0001_1.jpg','\r\n苹果（APPLE）iPhone 5 16G版 3G手机（白色）WCDMA/GSM\r\n全新设计，更薄、更轻、更快、更好的iPhone，以及卓越音效的EarPods耳机 ','00010001','2013-04-01 00:00:00',0),(2,' 苹果（APPLE）iPhone 5 16G版 3G手机（黑色）WCDMA/GSM 全新设计，更薄、更轻、更快、更好的iPhone，以及卓越音效的EarPods耳机 ','iPhone 5 16G版',4899,8.8,'苹果（APPLE）iPhone 5 16G版 ','2013-04-01 00:00:00',100,'20130401_1_0001_2.jpg','苹果（APPLE）iPhone 5 16G版 3G手机（黑色）WCDMA/GSM\r\n全新设计，更薄、更轻、更快、更好的iPhone，以及卓越音效的EarPods耳机 ','00010001','2013-04-01 00:00:00',0),(3,' 苹果（APPLE）iPhone 4 8G版 3G手机（黑色）WCDMA/GSM 月末促销，支持升级iOS6，更多新体验！选择“购机返话费版”有惊喜！ ','苹果iPhone 4 8G版 3G手机',2899,8.8,'苹果（APPLE）iPhone 4 8G版 3G手机(黑色)','2013-04-01 00:00:00',100,'20130401_1_0001_3.jpg','苹果（APPLE）iPhone 4 8G版 3G手机（黑色）WCDMA/GSM\r\n月末促销，支持升级iOS6，更多新体验！选择“购机返话费版”有惊喜！ ','00010001','2013-04-01 00:00:00',0),(4,' 苹果（APPLE）iPhone 4 8G版 3G手机（白色）WCDMA/GSM 月末促销，依旧出色的iPhone！可升级iOS6系统！选择“特价返话费版”有惊喜！','iPhone 4 8G版',2899,8.8,'苹果（APPLE）iPhone 4 8G版 3G手机(白色)','2013-04-01 00:00:00',100,'20130401_1_0001_4.jpg','苹果（APPLE）iPhone 4 8G版 3G手机（白色）WCDMA/GSM\r\n月末促销，依旧出色的iPhone！可升级iOS6系统！选择“特价返话费版”有惊喜！ ','00010001','2013-04-01 00:00:00',0),(5,' 苹果（APPLE）iPhone 4S 16G版 3G手机（白色）WCDMA/GSM 经典的4S，值得拥有！ ','iPhone 4S 16G版',4199,8.8,'苹果（APPLE）iPhone 4S 16G版 3G手机(白色)','2013-04-01 00:00:00',100,'20130401_1_0001_5.jpg','苹果（APPLE）iPhone 4S 16G版 3G手机（白色）WCDMA/GSM\r\n经典的4S，值得拥有！ ','00010001','2013-04-01 00:00:00',0),(6,' 苹果（APPLE）iPhone 4S 16G版 3G手机（黑色）WCDMA/GSM 经典的4S，值得拥有！ ','iPhone 4S 16G版',4199,8.8,' 苹果（APPLE）iPhone 4S 16G版 3G手机（黑色）','2013-04-01 00:00:00',100,'20130401_1_0001_6.jpg','苹果（APPLE）iPhone 4S 16G版 3G手机（黑色）WCDMA/GSM\r\n经典的4S，值得拥有！ ','00010001','2013-04-01 00:00:00',0),(7,'苹果（APPLE）iPhone 5 16G版 3G手机（白色）电信版','电信版',4799,8.8,'电信版','2013-04-01 00:00:00',100,'20130401_1_0001_7.jpg','苹果（APPLE）iPhone 5 16G版 3G手机（白色）电信版','00010001','2013-04-01 00:00:00',0),(8,'苹果（APPLE）iPhone 5 16G版 3G手机（黑色）电信版','电信版',4799,8.8,'电信版','2013-04-01 00:00:00',100,'20130401_1_0001_8.jpg','苹果（APPLE）iPhone 5 16G版 3G手机（黑色）电信版','00010001','2013-04-01 00:00:00',0),(9,'苹果（APPLE）iPhone 4S 16G版 3G手机（白色）电信版','电信版',4299,8.8,'电信版','2013-04-01 00:00:00',100,'20130401_1_0001_9.jpg','苹果（APPLE）iPhone 4S 16G版 3G手机（白色）电信版','00010001','2013-04-01 00:00:00',0),(10,' 苹果（APPLE）iPhone 5 32G版 3G手机（白色）WCDMA/GSM 全新设计，更薄、更轻、更快、更好的iPhone，以及卓越音效的EarPods耳机 ','iPhone 5 32G版',5799,8.8,'iPhone 5 32G版','2013-04-01 00:00:00',100,'20130401_1_0001_10.jpg','苹果（APPLE）iPhone 5 32G版 3G手机（白色）WCDMA/GSM\r\n全新设计，更薄、更轻、更快、更好的iPhone，以及卓越音效的EarPods耳机 ','00010001','2013-04-01 00:00:00',0),(11,'苹果（APPLE）iPhone 4S 16G版 3G手机（黑色）电信版 ','电信版',4249,8.8,'电信版','2013-04-01 00:00:00',100,'20130401_1_0001_11.jpg','苹果（APPLE）iPhone 4S 16G版 3G手机（黑色）电信版 ','00010001','2013-04-01 00:00:00',0),(12,' 苹果（APPLE）iPhone 5 16G版 3G手机（白色）WCDMA/GSM 购机送话费 价格超给力！购机最高返5800元话费，iPhone就是要配联通3G！ ','联通',4749,8.8,'联通','2013-04-01 00:00:00',100,'20130401_1_0001_12.jpg','苹果（APPLE）iPhone 5 16G版 3G手机（白色）WCDMA/GSM 购机送话费\r\n价格超给力！购机最高返5800元话费，iPhone就是要配联通3G！ ','00010001','2013-04-01 00:00:00',0),(13,' 苹果（APPLE）iPhone 4 8G版 3G手机（白色）WCDMA/GSM 购机送费 价格超给力！购机最高返5800元话费，iPhone就是要配联通3G！ ','联通',2799,8.8,'联通','2013-04-01 00:00:00',100,'20130401_1_0001_13.jpg','苹果（APPLE）iPhone 4 8G版 3G手机（白色）WCDMA/GSM 购机送费\r\n价格超给力！购机最高返5800元话费，iPhone就是要配联通3G！ ','00010001','2013-04-01 00:00:00',0),(14,'苹果（APPLE）iPhone 5 16G版 3G手机（白色）存费送机 北京电信特价版(189及以上套餐）','北京电信',4588,8.8,'北京电信','2013-04-01 00:00:00',100,'20130401_1_0001_14.jpg','苹果（APPLE）iPhone 5 16G版 3G手机（白色）存费送机 北京电信特价版(189及以上套餐）','00010001','2013-04-01 00:00:00',0),(15,' 三星（SAMSUNG）GT-I9268 3G手机（白色）TD-SCDMA/GSM 移动版 限时特促！全新Android 4.1，4.65寸炫丽屏！1.5Ghz双核CPU，1280*720分辨率！ ','三星',2599,8.8,'三星','2013-04-01 00:00:00',100,'20130401_1_0007_1.jpg','三星（SAMSUNG）GT-I9268 3G手机（白色）TD-SCDMA/GSM 移动版\r\n限时特促！全新Android 4.1，4.65寸炫丽屏！1.5Ghz双核CPU，1280*720分辨率！ ','00010007','2013-04-01 00:00:00',0),(16,' 三星（SAMSUNG）Galaxy S3 I9308 3G手机 (云石白) TD-SCDMA/GSM 限时特促：3498元！Android 4.0，1.4Ghz极速四核！移动用户无需换号，直接尊享3G网络！ ','三星',3498,8.8,'三星','2013-04-01 00:00:00',100,'20130401_1_0007_2.jpg','三星（SAMSUNG）Galaxy S3 I9308 3G手机 (云石白) TD-SCDMA/GSM\r\n限时特促：3498元！Android 4.0，1.4Ghz极速四核！移动用户无需换号，直接尊享3G网络！ ','00010007','2013-04-01 00:00:00',0),(17,' 三星 Galaxy Note II N7102 32G版 3G手机（云石白）WCDMA/GSM 双卡双待双通 5.5寸高清炫丽屏，1.6GHZ四核处理器，32GB内存，Android4.1智能系统','三星',4768,8.8,'三星','2013-04-01 00:00:00',100,'20130401_1_0007_3.jpg','三星 Galaxy Note II N7102 32G版 3G手机（云石白）WCDMA/GSM 双卡双待双通\r\n5.5寸高清炫丽屏，1.6GHZ四核处理器，32GB内存，Android4.1智能系统~ ','00010007','2013-04-01 00:00:00',0),(18,' 三星（SAMSUNG）Galaxy Note II N7108 3G手机（白色）TD-SCDMA/GSM 送移动电源！1.6GHz四核，5.5寸大屏，支持WCDMA国际漫游！移动用户无需换号，直接尊享3G网络！ ','三星',4499,8.8,'三星','2013-04-01 00:00:00',100,'20130401_1_0007_4.jpg','三星（SAMSUNG）Galaxy Note II N7108 3G手机（白色）TD-SCDMA/GSM\r\n送移动电源！1.6GHz四核，5.5寸大屏，支持WCDMA国际漫游！移动用户无需换号，直接尊享3G网络！ ','00010007','2013-04-01 00:00:00',0),(19,'三星 Galaxy SIII I9300 3G手机（云石白）WCDMA/GSM','三星',3598,8.8,'三星','2013-04-01 00:00:00',100,'20130401_1_0007_5.jpg','三星 Galaxy SIII I9300 3G手机（云石白）WCDMA/GSM','00010007','2013-04-01 00:00:00',0),(20,' 三星 Galaxy Note II N7100 3G手机（白色）WCDMA/GSM 5.5寸高清炫丽屏，1.6GHZ四核处理器，多任务处理窗口，Android4.1智能系统','三星',4198,8.8,'三星','2013-04-01 00:00:00',100,'20130401_1_0007_6.jpg','三星 Galaxy Note II N7100 3G手机（白色）WCDMA/GSM\r\n5.5寸高清炫丽屏，1.6GHZ四核处理器，多任务处理窗口，Android4.1智能系统','00010007','2013-04-01 00:00:00',0),(21,' 三星 I9082 3G手机（雅白色）WCDMA/GSM 双卡双待单通 直降促销，1.2G双核处理器，5寸电容触屏，800万摄像头，Android 4.1 双卡双待手机~ ','三星',2498,8.8,'三星','2013-04-01 00:00:00',100,'20130401_1_0007_7.jpg','三星 I9082 3G手机（雅白色）WCDMA/GSM 双卡双待单通\r\n直降促销，1.2G双核处理器，5寸电容触屏，800万摄像头，Android 4.1 双卡双待手机~ ','00010007','2013-04-01 00:00:00',0),(22,' 三星（SAMSUNG）S7568 3G手机（白色）TD-SCDMA/GSM 送手机套+贴膜！Android 4.0 ，1GHz极速CPU！4.0英寸WVGA绚丽宽屏！移动用户无需换号，尊享3G网络！ ','三星',999,8.8,'三星','2013-04-01 00:00:00',100,'20130401_1_0007_8.jpg','三星（SAMSUNG）S7568 3G手机（白色）TD-SCDMA/GSM\r\n送手机套+贴膜！Android 4.0 ，1GHz极速CPU！4.0英寸WVGA绚丽宽屏！移动用户无需换号，尊享3G网络！ ','00010007','2013-04-01 00:00:00',0),(23,' 三星 I8160 3G手机（白色）WCDMA/GSM 双核Android智能手机~ ','三星',1368,8.8,'三星','2013-04-01 00:00:00',100,'20130401_1_0007_9.jpg','三星 I8160 3G手机（白色）WCDMA/GSM\r\n双核Android智能手机~ ','00010007','2013-04-01 00:00:00',0),(24,' 三星（SAMSUNG）Galaxy S3 I9308 3G手机 (青玉蓝) TD-SCDMA/GSM 限时特促：3498元！Android 4.0，1.4Ghz极速四核！移动用户无需换号，直接尊享3G网络！ ','三星',3498,8.8,'三星','2013-04-01 00:00:00',100,'20130401_1_0007_10.jpg','三星（SAMSUNG）Galaxy S3 I9308 3G手机 (青玉蓝) TD-SCDMA/GSM\r\n限时特促：3498元！Android 4.0，1.4Ghz极速四核！移动用户无需换号，直接尊享3G网络！ ','00010007','2013-04-01 00:00:00',0),(25,' 三星（SAMSUNG）Galaxy Note I9228 3G手机（釉白）TD-SCDMA/GSM 5.3寸屏，1.4GHz双核，16G机身内存！移动用户无需换号，直接尊享3G网络！ ','三星',3299,8.8,'三星','2013-04-01 00:00:00',100,'20130401_1_0007_11.jpg','三星（SAMSUNG）Galaxy Note I9228 3G手机（釉白）TD-SCDMA/GSM\r\n5.3寸屏，1.4GHz双核，16G机身内存！移动用户无需换号，直接尊享3G网络！ ','00010007','2013-04-01 00:00:00',0),(26,' 三星 Galaxy SIII I9300 3G手机（青玉蓝）WCDMA/GSM 惊爆价！卓然天成，为你而生，全球80% 3G用户的自然选择！ ','三星',3398,8.8,'三星','2013-04-01 00:00:00',100,'20130401_1_0007_12.jpg','三星 Galaxy SIII I9300 3G手机（青玉蓝）WCDMA/GSM\r\n惊爆价！卓然天成，为你而生，全球80% 3G用户的自然选择！ ','00010007','2013-04-01 00:00:00',0),(27,' HTC 新渴望VC（T328d）3G手机（黑色）CDMA2000/GSM 双模双待双通 1G主频，安卓4.0系统，500万像素，特有Beats音效！ ','HTC',1199,8.8,'HTC','2013-04-01 00:00:00',100,'20130401_1_0008_1.jpg','HTC 新渴望VC（T328d）3G手机（黑色）CDMA2000/GSM 双模双待双通\r\n1G主频，安卓4.0系统，500万像素，特有Beats音效！ ','00010008','2013-04-01 00:00:00',0),(28,' HTC T528w（One SU）3G手机（锐意黑）WCDMA/GSM 双卡双待双通 4.3寸屏幕！Android 4.0!双核强劲动力！真纤薄机身！Beats 全场景音效！摄像时可以拍照！高品之选！ ','HTC',1788,8.8,'HTC','2013-04-01 00:00:00',100,'20130401_1_0008_2.jpg','HTC T528w（One SU）3G手机（锐意黑）WCDMA/GSM 双卡双待双通\r\n4.3寸屏幕！Android 4.0!双核强劲动力！真纤薄机身！Beats 全场景音效！摄像时可以拍照！高品之选！ ','00010008','2013-04-01 00:00:00',0),(29,' HTC 新渴望V（T328w）3G手机（黑色）WCDMA/GSM 双卡双待单通 Android 4.0系统！4.0寸屏！全场景Beats音效！500万像素！鱼和熊掌不可兼得，时尚和品质在此可一起拥有！ ','HTC',1099,8.8,'HTC','2013-04-01 00:00:00',100,'20130401_1_0008_3.jpg','HTC 新渴望V（T328w）3G手机（黑色）WCDMA/GSM 双卡双待单通\r\nAndroid 4.0系统！4.0寸屏！全场景Beats音效！500万像素！鱼和熊掌不可兼得，时尚和品质在此可一起拥有！ ','00010008','2013-04-01 00:00:00',0),(30,' HTC One XT（S720T）3G手机（睿丽黑）TD-SCDMA/GSM 2799元疯抢！1.5GHz强劲四核处理器，4.7寸1600万色SLCD2屏幕，800+130万双摄像头！ ','HTC',2799,8.8,'HTC','2013-04-01 00:00:00',100,'20130401_1_0008_4.jpg','HTC One XT（S720T）3G手机（睿丽黑）TD-SCDMA/GSM\r\n2799元疯抢！1.5GHz强劲四核处理器，4.7寸1600万色SLCD2屏幕，800+130万双摄像头！ ','00010008','2013-04-01 00:00:00',0),(31,' HTC T329t 3G手机（珐琅黑）TD-SCDMA/GSM 春雷心动价，下单送耳机！1GHz双核处理器，4.0寸SLCD屏，1G RAM+4G ROM，移动用户无需换号即享3G网络！ ','HTC',1599,8.8,'HTC','2013-04-01 00:00:00',100,'20130401_1_0008_5.jpg','HTC T329t 3G手机（珐琅黑）TD-SCDMA/GSM\r\n春雷心动价，下单送耳机！1GHz双核处理器，4.0寸SLCD屏，1G RAM+4G ROM，移动用户无需换号即享3G网络！ ','00010008','2013-04-01 00:00:00',0),(32,' HTC One SC（T528D）3G手机（灰色）CDMA2000/GSM 双模双待双通 4.3寸屏，安卓4.0系统，1G双核，Beats 音效，时尚品质在此可一起拥有！ ','HTC',1998,8.8,'HTC','2013-04-01 00:00:00',100,'20130401_1_0008_6.jpg','HTC One SC（T528D）3G手机（灰色）CDMA2000/GSM 双模双待双通\r\n4.3寸屏，安卓4.0系统，1G双核，Beats 音效，时尚品质在此可一起拥有！ ','00010008','2013-04-01 00:00:00',0),(33,' HTC T528w（One SU）3G手机（菁英白）WCDMA/GSM 双卡双待双通 4.3寸屏幕！Android 4.0!双核强劲动力！真纤薄机身！Beats 全场景音效！摄像时可以拍照！高品之选！ ','HTC',1788,8.8,'HTC','2013-04-01 00:00:00',100,'20130401_1_0008_7.jpg','HTC T528w（One SU）3G手机（菁英白）WCDMA/GSM 双卡双待双通\r\n4.3寸屏幕！Android 4.0!双核强劲动力！真纤薄机身！Beats 全场景音效！摄像时可以拍照！高品之选！ ','00010008','2013-04-01 00:00:00',0),(34,' HTC One SC（T528D）3G手机（白色）CDMA2000/GSM 双模双待双通 4.3寸屏，安卓4.0系统，1G双核，Beats 音效，时尚品质在此可一起拥有！ ','HTC',1998,8.8,'HTC','2013-04-01 00:00:00',100,'20130401_1_0008_8.jpg','HTC One SC（T528D）3G手机（白色）CDMA2000/GSM 双模双待双通\r\n4.3寸屏，安卓4.0系统，1G双核，Beats 音效，时尚品质在此可一起拥有！ ','00010008','2013-04-01 00:00:00',0),(35,' 摩托罗拉商用对讲机SMP268 清仓，底价出清，最后一批疯狂抢 ','摩托罗拉',269,8.8,'摩托罗拉','2013-04-01 00:00:00',100,'20130401_2_0001_1.jpg','摩托罗拉商用对讲机SMP268\r\n清仓，底价出清，最后一批疯狂抢 ','00020001','2013-04-01 00:00:00',0),(36,' 摩托罗拉 T5 公众对讲机 7折疯抢，便携之王，最具性价比，出游首选，数量有限，先到先得。 ','摩托罗拉',399,8.8,'摩托罗拉','2013-04-01 00:00:00',100,'20130401_2_0001_2.jpg','摩托罗拉 T5 公众对讲机\r\n7折疯抢，便携之王，最具性价比，出游首选，数量有限，先到先得。 ','00020001','2013-04-01 00:00:00',0),(37,' 松下（Panasonic） DMC-LX5GK 数码相机 黑色（1010万像素 3.0英寸液晶屏 3.8倍光学变焦 24mm广角） 【1999赔本攒吆喝-本周最后2天抢完即止】【徕卡镜头-单反画质-性价比之王限量抢】 ','松下',1999,8.8,'松下','2013-04-01 00:00:00',100,'20130401_4_0001_1.jpg','松下（Panasonic） DMC-LX5GK 数码相机 黑色（1010万像素 3.0英寸液晶屏 3.8倍光学变焦 24mm广角）\r\n【1999赔本攒吆喝-本周最后2天抢完即止】【徕卡镜头-单反画质-性价比之王限量抢】 ','00040001','2013-04-01 00:00:00',0),(38,' 索尼（SONY） DSC-RX100 黑卡数码相机（2020万像素 3英寸液晶屏 F1.8光圈 1英寸Exmor CMOS） 送168元大礼包！1寸大底-专业卡片-挑战单反-轻装外拍-比拿单反更专业！ ','索尼',3799,8.8,'索尼','2013-04-01 00:00:00',100,'20130401_4_0001_2.jpg','索尼（SONY） DSC-RX100 黑卡数码相机（2020万像素 3英寸液晶屏 F1.8光圈 1英寸Exmor CMOS）\r\n送168元大礼包！1寸大底-专业卡片-挑战单反-轻装外拍-比拿单反更专业！ ','00040001','2013-04-01 00:00:00',0),(39,' 三星（SAMSUNG） WB151 数码相机 黑色（1420万像素 3.0英寸屏 18倍光学变焦 24mm广角 内置4G卡） 【仅售998元！】【万人推荐超值18倍光变时尚小钢炮】【智能场景升级版】【内置4G卡+赠时尚相机包】 ','三星',998,8.8,'三星','2013-04-01 00:00:00',100,'20130401_4_0001_3.jpg','\r\n三星（SAMSUNG） WB151 数码相机 黑色（1420万像素 3.0英寸屏 18倍光学变焦 24mm广角 内置4G卡）\r\n【仅售998元！】【万人推荐超值18倍光变时尚小钢炮】【智能场景升级版】【内置4G卡+赠时尚相机包】 ','00040001','2013-04-01 00:00:00',0),(40,' 富士（FUJIFILM） FinePix S4530 数码相机 黑色（1400万像素 30倍光变 3.0英寸液晶屏 24mm广角） 【1099史上惊爆价】【30倍长焦史上最低价-最强性价比一镜走天下】 ','富士',1099,8.8,'富士','2013-04-01 00:00:00',100,'20130401_4_0001_4.jpg','富士（FUJIFILM） FinePix S4530 数码相机 黑色（1400万像素 30倍光变 3.0英寸液晶屏 24mm广角）\r\n【1099史上惊爆价】【30倍长焦史上最低价-最强性价比一镜走天下】 ','00040001','2013-04-01 00:00:00',0),(41,' 三星（SAMSUNG） WB151 数码相机 白色（1420万像素 3.0英寸屏 18倍光学变焦 24mm广角 内置4G卡） 【仅售998元！】【万人推荐超值18倍光变时尚小钢炮】【智能场景升级版】【内置4G卡+赠时尚相机包】 ','三星',998,8.8,'三星','2013-04-01 00:00:00',100,'20130401_4_0001_5.jpg','三星（SAMSUNG） WB151 数码相机 白色（1420万像素 3.0英寸屏 18倍光学变焦 24mm广角 内置4G卡）\r\n【仅售998元！】【万人推荐超值18倍光变时尚小钢炮】【智能场景升级版】【内置4G卡+赠时尚相机包】 ','00040001','2013-04-01 00:00:00',0),(42,' 佳能（Canon） PowerShot G15 数码相机（1210万像素 1.8超大光圈 5倍光变 28mm广角） 单反备机！F1.8大光圈，不错过任何细节！ ','佳能',3699,8.8,'佳能','2013-04-01 00:00:00',100,'20130401_4_0001_6.jpg','佳能（Canon） PowerShot G15 数码相机（1210万像素 1.8超大光圈 5倍光变 28mm广角）\r\n单反备机！F1.8大光圈，不错过任何细节！ ','00040001','2013-04-01 00:00:00',0),(43,' 佳能（Canon） Power Shot G1 X 数码相机（1430万像素 3.0英寸可旋转液晶屏 4倍光学变焦 28mm广角） 旗舰王者！叫板单反，无视微单！ ','佳能',4188,8.8,'佳能','2013-04-01 00:00:00',100,'20130401_4_0001_7.jpg','佳能（Canon） Power Shot G1 X 数码相机（1430万像素 3.0英寸可旋转液晶屏 4倍光学变焦 28mm广角）\r\n旗舰王者！叫板单反，无视微单！ ','00040001','2013-04-01 00:00:00',0),(44,' 富士（FUJIFILM） FinePix X20 旁轴数码相机 银色 【机皇3.27预订再开】【全线升级-完美画质无限惊喜】【本次最后一批有首发礼物-预订最快5天内到货】 ','富士',3799,8.8,'富士','2013-04-01 00:00:00',100,'20130401_4_0001_8.jpg','富士（FUJIFILM） FinePix X20 旁轴数码相机 银色\r\n【机皇3.27预订再开】【全线升级-完美画质无限惊喜】【本次最后一批有首发礼物-预订最快5天内到货】 ','00040001','2013-04-01 00:00:00',0),(45,' 捷波朗 EASYGO+ 易行 蓝牙耳机 黑色 蓝牙3.0,支持音乐,智能语音提示,同时待机两部手机 ','捷波朗',275,8.8,'捷波朗','2013-04-01 00:00:00',100,'20130401_3_0002_1.jpg','捷波朗 EASYGO+ 易行 蓝牙耳机 黑色\r\n蓝牙3.0,支持音乐,智能语音提示,同时待机两部手机 ','00030002','2013-04-01 00:00:00',0),(46,'缤特力PRO Legend 蓝牙耳机 黑色','缤特力',668,8.8,'缤特力PRO Legend 蓝牙耳机','2013-04-01 00:00:00',100,'20130401_3_0002_2.jpg','缤特力PRO Legend 蓝牙耳机 黑色','00030002','2013-04-01 00:00:00',0),(47,' 索尼（SONY）MW600 蓝牙耳机 黑色 多点连接，可同时连接两部手机，双声道，语音控制，配备LED显示屏，FM radio收听功能，音乐与通话兼容！ ','索尼',399,8.8,'索尼','2013-04-01 00:00:00',100,'20130401_3_0002_3.jpg','索尼（SONY）MW600 蓝牙耳机 黑色\r\n多点连接，可同时连接两部手机，双声道，语音控制，配备LED显示屏，FM radio收听功能，音乐与通话兼容！ ','00030002','2013-04-01 00:00:00',0),(48,' 乐歌 BT001 蓝牙耳机 黑色 立体声 高清音质 钢琴烤漆 金属质感 ','乐歌',129,8.8,'乐歌','2013-04-01 00:00:00',100,'20130401_3_0002_4.jpg','乐歌 BT001 蓝牙耳机 黑色\r\n立体声 高清音质 钢琴烤漆 金属质感 ','00030002','2013-04-01 00:00:00',0),(49,' 捷波朗 EXTREME2 超凡2 蓝牙耳机 白色 蓝牙3.0,全中文语音提示菜单,来电播报中文名字,双倍降低背景噪音,专利舒适耳塞 ','捷波朗',439,8.8,'捷波朗','2013-04-01 00:00:00',100,'20130401_3_0002_5.jpg','捷波朗 EXTREME2 超凡2 蓝牙耳机 白色\r\n蓝牙3.0,全中文语音提示菜单,来电播报中文名字,双倍降低背景噪音,专利舒适耳塞 ','00030002','2013-04-01 00:00:00',0),(50,'缤特力ML20 蓝牙耳机 黑色','缤特力',218,8.8,'缤特力ML20 蓝牙耳机','2013-04-01 00:00:00',100,'20130401_3_0002_6.jpg','缤特力ML20 蓝牙耳机 黑色','00030002','2013-04-01 00:00:00',0),(51,' 诺基亚（NOKIA）BH-310 蓝牙耳机 白色 耳机一摘一戴之间，通话轻松切换,内置双麦克风，DSP减噪，音量自动调节，支持NFC,更能同时连接两部设备 ','诺基亚',299,8.8,'诺基亚','2013-04-01 00:00:00',100,'20130401_3_0002_7.jpg','诺基亚（NOKIA）BH-310 蓝牙耳机 白色\r\n耳机一摘一戴之间，通话轻松切换,内置双麦克风，DSP减噪，音量自动调节，支持NFC,更能同时连接两部设备 ','00030002','2013-04-01 00:00:00',0),(52,' 诺基亚（NOKIA）BH-111 蓝牙耳机 绿色 特价促销，返20元电子京?，活动随时结束！抢购迅速！ ','诺基亚',179,8.8,'诺基亚','2013-04-01 00:00:00',100,'20130401_3_0002_8.jpg','诺基亚（NOKIA）BH-111 蓝牙耳机 绿色\r\n特价促销，返20元电子京?，活动随时结束！抢购迅速！ ','00030002','2013-04-01 00:00:00',0);

/*Table structure for table `ec_article_type` */

DROP TABLE IF EXISTS `ec_article_type`;

CREATE TABLE `ec_article_type` (
  `CODE` VARCHAR(100) NOT NULL,
  `NAME` VARCHAR(50) DEFAULT NULL,
  `REMARK` VARCHAR(200) DEFAULT NULL,
  PRIMARY KEY (`CODE`),
  UNIQUE KEY `NAME` (`NAME`)
) ENGINE=INNODB DEFAULT CHARSET=utf8;

/*Data for the table `ec_article_type` */

INSERT  INTO `ec_article_type`(`CODE`,`NAME`,`REMARK`) VALUES ('0001','手机','手机'),('00010001','----苹果','苹果'),('00010002','----华为','华为'),('00010003','----诺基亚','诺基亚'),('00010004','----联想','联想'),('00010005','----魅族','魅族'),('00010006','----索尼','索尼'),('00010007','----三星','三星'),('00010008','----HTC','HTC'),('00010009','----摩托罗拉','摩托罗拉'),('0002','对讲机','对讲机'),('00020001','----手台','手台'),('00020002','----车台','车台'),('0003','手机配件','手机配件'),('00030001','----手机电池','手机电池'),('00030002','----蓝牙耳机','蓝牙耳机'),('00030003','----充电器/数据线','充电器/数据线'),('00030004','----手机耳机','手机耳机'),('00030005','----手机贴膜','手机贴膜'),('00030006','----手机保护套','手机保护套'),('00030007','----iPhone配件','iPhone配件'),('0004','数码相机','数码相机'),('00040001','----准专业机','准专业机'),('00040002','----防水相机','防水相机'),('00040003','----中长焦相机','中长焦相机'),('00040004','----自拍相机','自拍相机'),('00040005','----胶片相机','胶片相机');

/*Table structure for table `ec_user` */

DROP TABLE IF EXISTS `ec_user`;

CREATE TABLE `ec_user` (
  `ID` INT(11) NOT NULL AUTO_INCREMENT,
  `LOGIN_NAME` VARCHAR(50) DEFAULT NULL,
  `PASSWORD` VARCHAR(50) DEFAULT NULL,
  `NAME` VARCHAR(50) DEFAULT NULL,
  `SEX` INT(11) DEFAULT '1',
  `EMAIL` VARCHAR(50) DEFAULT NULL,
  `PHONE` VARCHAR(20) DEFAULT NULL,
  `ADDRESS` VARCHAR(255) DEFAULT NULL,
  `ROLE` INT(11) DEFAULT '1',
  `CREATE_DATE` DATETIME DEFAULT NULL,
  `DISABLED` TINYINT(1) DEFAULT '0',
  `ACTIVE` VARCHAR(255) DEFAULT NULL,
  PRIMARY KEY (`ID`),
  UNIQUE KEY `LOGIN_NAME` (`LOGIN_NAME`)
) ENGINE=INNODB AUTO_INCREMENT=11 DEFAULT CHARSET=utf8;

/*Data for the table `ec_user` */

INSERT  INTO `ec_user`(`ID`,`LOGIN_NAME`,`PASSWORD`,`NAME`,`SEX`,`EMAIL`,`PHONE`,`ADDRESS`,`ROLE`,`CREATE_DATE`,`DISABLED`,`ACTIVE`) VALUES (1,'admin','123456','管理员',1,'test@163.com','18998665678','珠江新城',2,'2017-05-05 23:53:33',0,'1'),(2,'test1','123456','张小棠',1,'test1@163.com','13487890989','天河车陂',1,'2017-05-05 23:53:33',0,'1'),(3,'admin2','111111','张三',1,'32324234@qq.cpm','18665616520','fdsfsdfdfdsfddfsfdfd',1,'2017-05-06 15:20:25',0,NULL),(4,'ligang','111111','李刚',1,'16815@qq.com','15800000654','广州车陂',1,'2017-05-07 09:11:20',0,'d3784-e72d-44'),(5,'test10','111111','阿强',1,'251425887@qq.com','18665616520','http://www.fkjava.org/logo.gif',1,'2017-05-07 09:30:49',0,'cf201-99ca-4b'),(8,'zhangsan','111111','张三',1,'251425887@qq.com','18988888888','timeInt',1,'2017-05-07 09:45:35',0,'7d1d9-14e0-47'),(9,'admin243','111111','李刚',1,'251425887@qq.com','18999999999','timeInt',1,'2017-05-07 09:46:56',0,'ea8a7-8079-4e'),(10,'xulei','111111','徐磊',1,'251425887@qq.com','18665616520','广州天河区车陂',1,'2017-05-07 10:21:34',0,'1');

/*!40101 SET SQL_MODE=@OLD_SQL_MODE */;
/*!40014 SET FOREIGN_KEY_CHECKS=@OLD_FOREIGN_KEY_CHECKS */;
/*!40014 SET UNIQUE_CHECKS=@OLD_UNIQUE_CHECKS */;
/*!40111 SET SQL_NOTES=@OLD_SQL_NOTES */;
